data,seed,e,kappa,cl_ml_ratio,p2_lm_b0,p2_lm_b1,p2_lm_loandra_status,p2_lm_solver_time,type,verify,p2_lp_b0,p2_lp_b1,p2_lp_loandra_status,p2_lp_solver_time
chainlink,1732,0.1,0.7,1,989.0,9.0,OPTIMUM,0.19755,verify,lm,,,,
ionosphere,1732,0.1,0.7,1,3577.0,76.0,OPTIMUM,7.6542,verify,lm,,,,
iris,1732,0.1,0.7,1,755.0,2.0,OPTIMUM,0.08851,verify,lm,,,,
libras,1732,0.1,0.7,1,3593.0,4.0,OPTIMUM,213.71492,verify,lm,,,,
lsun,1732,0.1,0.7,1,903.0,17.0,OPTIMUM,0.45003,verify,lm,,,,
seeds,1732,0.1,0.7,1,1083.0,8.0,OPTIMUM,0.78857,verify,lm,,,,
spam,1732,0.1,0.7,1,2432.0,9.0,OPTIMUM,167.26664,verify,lm,,,,
target,1732,0.1,0.7,1,646.0,4.0,OPTIMUM,4.25592,verify,lm,,,,
wine,1732,0.1,0.7,1,1259.0,11.0,OPTIMUM,14.85186,verify,lm,,,,
wingnut,1732,0.1,0.7,1,1094.0,67.0,OPTIMUM,0.19896,verify,lm,,,,
chainlink,1732,0.1,1.0,1,989.0,11.0,OPTIMUM,0.23722,verify,lm,,,,
ionosphere,1732,0.1,1.0,1,3577.0,99.0,OPTIMUM,12.43208,verify,lm,,,,
iris,1732,0.1,1.0,1,755.0,11.0,OPTIMUM,0.14249,verify,lm,,,,
lsun,1732,0.1,1.0,1,923.0,62.0,OPTIMUM,0.43423,verify,lm,,,,
seeds,1732,0.1,1.0,1,1083.0,8.0,OPTIMUM,0.53237,verify,lm,,,,
spam,1732,0.1,1.0,1,2430.0,0.0,OPTIMUM,125.44854,verify,lm,,,,
target,1732,0.1,1.0,1,649.0,0.0,OPTIMUM,3.6837,verify,lm,,,,
wine,1732,0.1,1.0,1,1272.0,8.0,OPTIMUM,8.8034,verify,lm,,,,
wingnut,1732,0.1,1.0,1,1094.0,67.0,OPTIMUM,0.17146,verify,lm,,,,
chainlink,1732,0.1,1.5,1,989.0,11.0,OPTIMUM,0.22792,verify,lm,,,,
glass,1732,0.1,1.5,1,1469.0,5.0,OPTIMUM,314.19113,verify,lm,,,,
ionosphere,1732,0.1,1.5,1,3577.0,99.0,OPTIMUM,9.93872,verify,lm,,,,
iris,1732,0.1,1.5,1,854.0,9.0,OPTIMUM,0.19424,verify,lm,,,,
lsun,1732,0.1,1.5,1,923.0,8.0,OPTIMUM,0.40686,verify,lm,,,,
seeds,1732,0.1,1.5,1,1083.0,18.0,OPTIMUM,0.37724,verify,lm,,,,
spam,1732,0.1,1.5,1,2429.0,0.0,OPTIMUM,115.60072,verify,lm,,,,
target,1732,0.1,1.5,1,649.0,0.0,OPTIMUM,6.89715,verify,lm,,,,
wine,1732,0.1,1.5,1,1275.0,8.0,OPTIMUM,1.06767,verify,lm,,,,
wingnut,1732,0.1,1.5,1,1094.0,67.0,OPTIMUM,0.17111,verify,lm,,,,
chainlink,1732,0.1,1.75,1,989.0,11.0,OPTIMUM,0.22808,verify,lm,,,,
glass,1732,0.1,1.75,1,1471.0,6.0,OPTIMUM,90.88661,verify,lm,,,,
ionosphere,1732,0.1,1.75,1,3577.0,99.0,OPTIMUM,10.43334,verify,lm,,,,
iris,1732,0.1,1.75,1,854.0,9.0,OPTIMUM,0.11656,verify,lm,,,,
lsun,1732,0.1,1.75,1,923.0,2.0,OPTIMUM,0.13218,verify,lm,,,,
seeds,1732,0.1,1.75,1,1083.0,18.0,OPTIMUM,0.16933,verify,lm,,,,
spam,1732,0.1,1.75,1,2432.0,1.0,OPTIMUM,82.10973,verify,lm,,,,
target,1732,0.1,1.75,1,649.0,0.0,OPTIMUM,3.14655,verify,lm,,,,
wine,1732,0.1,1.75,1,1275.0,2.0,OPTIMUM,0.33809,verify,lm,,,,
wingnut,1732,0.1,1.75,1,1094.0,67.0,OPTIMUM,0.17725,verify,lm,,,,
chainlink,1732,0.1,2.0,1,989.0,11.0,OPTIMUM,0.20683,verify,lm,,,,
glass,1732,0.1,2.0,1,1477.0,2.0,OPTIMUM,320.56639,verify,lm,,,,
ionosphere,1732,0.1,2.0,1,3577.0,99.0,OPTIMUM,7.75887,verify,lm,,,,
iris,1732,0.1,2.0,1,854.0,23.0,OPTIMUM,0.09551,verify,lm,,,,
lsun,1732,0.1,2.0,1,923.0,4.0,OPTIMUM,0.11535,verify,lm,,,,
seeds,1732,0.1,2.0,1,1047.0,18.0,OPTIMUM,0.14149,verify,lm,,,,
spam,1732,0.1,2.0,1,2429.0,6.0,OPTIMUM,83.96074,verify,lm,,,,
target,1732,0.1,2.0,1,650.0,5.0,OPTIMUM,2.82503,verify,lm,,,,
wine,1732,0.1,2.0,1,1275.0,71.0,OPTIMUM,0.2767,verify,lm,,,,
wingnut,1732,0.1,2.0,1,1094.0,67.0,OPTIMUM,0.14938,verify,lm,,,,
chainlink,1732,0.1,0.1,1,989.0,4.0,OPTIMUM,2.16133,verify,lm,,,,
glass,1732,0.1,0.1,1,1109.0,1.0,OPTIMUM,4.33526,verify,lm,,,,
ionosphere,1732,0.1,0.1,1,3567.0,56.0,OPTIMUM,7.84571,verify,lm,,,,
iris,1732,0.1,0.1,1,755.0,2.0,OPTIMUM,0.14183,verify,lm,,,,
libras,1732,0.1,0.1,1,3135.0,1.0,OPTIMUM,69.75075,verify,lm,,,,
lsun,1732,0.1,0.1,1,733.0,2.0,OPTIMUM,0.70449,verify,lm,,,,
seeds,1732,0.1,0.1,1,896.0,1.0,OPTIMUM,0.1974,verify,lm,,,,
spam,1732,0.1,0.1,1,2429.0,6.0,OPTIMUM,315.3313,verify,lm,,,,
target,1732,0.1,0.1,1,632.0,3.0,OPTIMUM,2.72342,verify,lm,,,,
wine,1732,0.1,0.1,1,1178.0,4.0,OPTIMUM,0.23058,verify,lm,,,,
wingnut,1732,0.1,0.1,1,1094.0,67.0,OPTIMUM,0.3152,verify,lm,,,,
chainlink,1732,0.1,0.25,1,989.0,8.0,OPTIMUM,1.21563,verify,lm,,,,
glass,1732,0.1,0.25,1,1109.0,1.0,OPTIMUM,38.30137,verify,lm,,,,
ionosphere,1732,0.1,0.25,1,3572.0,9.0,OPTIMUM,459.11137,verify,lm,,,,
iris,1732,0.1,0.25,1,755.0,10.0,OPTIMUM,0.10199,verify,lm,,,,
libras,1732,0.1,0.25,1,3135.0,2.0,OPTIMUM,80.0724,verify,lm,,,,
lsun,1732,0.1,0.25,1,880.0,9.0,OPTIMUM,0.2015,verify,lm,,,,
seeds,1732,0.1,0.25,1,903.0,14.0,OPTIMUM,0.24892,verify,lm,,,,
spam,1732,0.1,0.25,1,2430.0,0.0,OPTIMUM,405.3594,verify,lm,,,,
target,1732,0.1,0.25,1,642.0,4.0,OPTIMUM,6.91569,verify,lm,,,,
wine,1732,0.1,0.25,1,1178.0,0.0,OPTIMUM,0.72703,verify,lm,,,,
wingnut,1732,0.1,0.25,1,1094.0,67.0,OPTIMUM,0.24504,verify,lm,,,,
chainlink,1732,0.1,0.5,1,989.0,4.0,OPTIMUM,0.63808,verify,lm,,,,
ionosphere,1732,0.1,0.5,1,3577.0,56.0,OPTIMUM,64.95714,verify,lm,,,,
iris,1732,0.1,0.5,1,755.0,2.0,OPTIMUM,0.09489,verify,lm,,,,
libras,1732,0.1,0.5,1,3593.0,21.0,OPTIMUM,192.51157,verify,lm,,,,
lsun,1732,0.1,0.5,1,903.0,5.0,OPTIMUM,0.22884,verify,lm,,,,
seeds,1732,0.1,0.5,1,1083.0,18.0,OPTIMUM,0.67488,verify,lm,,,,
spam,1732,0.1,0.5,1,2429.0,0.0,OPTIMUM,237.84518,verify,lm,,,,
target,1732,0.1,0.5,1,646.0,0.0,OPTIMUM,3.63589,verify,lm,,,,
wine,1732,0.1,0.5,1,1178.0,38.0,OPTIMUM,0.74803,verify,lm,,,,
wingnut,1732,0.1,0.5,1,1094.0,9.0,OPTIMUM,0.40788,verify,lm,,,,
glass,1732,0.1,0.5,1,1204.0,6.0,OPTIMUM,5714.25498,verify,lm,,,,
glass,1732,0.1,0.7,1,1321.0,2.0,OPTIMUM,16655.68667,verify,lm,,,,
glass,1732,0.1,1.0,1,1475.0,7.0,OPTIMUM,4224.21494,verify,lm,,,,
libras,1732,0.1,1.0,1,3593.0,3.0,OPTIMUM,990.70241,verify,lm,,,,
libras,1732,0.1,1.5,1,3593.0,2.0,OPTIMUM,9491.33832,verify,lm,,,,
chainlink,2352,0.1,0.7,1,989.0,11.0,OPTIMUM,0.33512,verify,lm,,,,
ionosphere,2352,0.1,0.7,1,3577.0,29.0,OPTIMUM,12.2191,verify,lm,,,,
iris,2352,0.1,0.7,1,755.0,31.0,OPTIMUM,0.15979,verify,lm,,,,
libras,2352,0.1,0.7,1,3342.0,1.0,OPTIMUM,230.11076,verify,lm,,,,
lsun,2352,0.1,0.7,1,923.0,4.0,OPTIMUM,0.96151,verify,lm,,,,
seeds,2352,0.1,0.7,1,991.0,33.0,OPTIMUM,0.27969,verify,lm,,,,
spam,2352,0.1,0.7,1,2432.0,17.0,OPTIMUM,202.97921,verify,lm,,,,
target,2352,0.1,0.7,1,649.0,0.0,OPTIMUM,3.66602,verify,lm,,,,
wine,2352,0.1,0.7,1,1217.0,4.0,OPTIMUM,9.61752,verify,lm,,,,
wingnut,2352,0.1,0.7,1,1094.0,67.0,OPTIMUM,0.28671,verify,lm,,,,
chainlink,2352,0.1,1.0,1,989.0,9.0,OPTIMUM,0.21595,verify,lm,,,,
ionosphere,2352,0.1,1.0,1,3577.0,9.0,OPTIMUM,7.76195,verify,lm,,,,
iris,2352,0.1,1.0,1,755.0,31.0,OPTIMUM,0.11457,verify,lm,,,,
lsun,2352,0.1,1.0,1,923.0,7.0,OPTIMUM,0.20682,verify,lm,,,,
seeds,2352,0.1,1.0,1,1058.0,20.0,OPTIMUM,0.58452,verify,lm,,,,
spam,2352,0.1,1.0,1,2432.0,0.0,OPTIMUM,72.75633,verify,lm,,,,
target,2352,0.1,1.0,1,650.0,164.0,OPTIMUM,3.14659,verify,lm,,,,
wine,2352,0.1,1.0,1,1217.0,44.0,OPTIMUM,0.81764,verify,lm,,,,
wingnut,2352,0.1,1.0,1,1094.0,67.0,OPTIMUM,0.28639,verify,lm,,,,
chainlink,2352,0.1,1.5,1,989.0,11.0,OPTIMUM,0.23389,verify,lm,,,,
glass,2352,0.1,1.5,1,1477.0,5.0,OPTIMUM,392.75804,verify,lm,,,,
ionosphere,2352,0.1,1.5,1,3577.0,28.0,OPTIMUM,6.08668,verify,lm,,,,
iris,2352,0.1,1.5,1,755.0,31.0,OPTIMUM,0.07777,verify,lm,,,,
lsun,2352,0.1,1.5,1,923.0,104.0,OPTIMUM,0.14179,verify,lm,,,,
seeds,2352,0.1,1.5,1,1058.0,18.0,OPTIMUM,0.23604,verify,lm,,,,
spam,2352,0.1,1.5,1,2430.0,6.0,OPTIMUM,66.03517,verify,lm,,,,
target,2352,0.1,1.5,1,650.0,4.0,OPTIMUM,3.70074,verify,lm,,,,
wine,2352,0.1,1.5,1,1275.0,71.0,OPTIMUM,0.53191,verify,lm,,,,
wingnut,2352,0.1,1.5,1,1094.0,67.0,OPTIMUM,0.16035,verify,lm,,,,
chainlink,2352,0.1,1.75,1,989.0,11.0,OPTIMUM,0.22916,verify,lm,,,,
glass,2352,0.1,1.75,1,1478.0,3.0,OPTIMUM,162.61226,verify,lm,,,,
ionosphere,2352,0.1,1.75,1,3577.0,99.0,OPTIMUM,6.11713,verify,lm,,,,
iris,2352,0.1,1.75,1,854.0,31.0,OPTIMUM,0.08222,verify,lm,,,,
lsun,2352,0.1,1.75,1,923.0,13.0,OPTIMUM,0.13075,verify,lm,,,,
seeds,2352,0.1,1.75,1,1058.0,18.0,OPTIMUM,0.26347,verify,lm,,,,
spam,2352,0.1,1.75,1,2432.0,0.0,OPTIMUM,73.34476,verify,lm,,,,
target,2352,0.1,1.75,1,650.0,7.0,OPTIMUM,2.77868,verify,lm,,,,
wine,2352,0.1,1.75,1,1275.0,71.0,OPTIMUM,0.70905,verify,lm,,,,
wingnut,2352,0.1,1.75,1,1094.0,67.0,OPTIMUM,0.15507,verify,lm,,,,
chainlink,2352,0.1,2.0,1,989.0,11.0,OPTIMUM,0.20095,verify,lm,,,,
glass,2352,0.1,2.0,1,1477.0,9.0,OPTIMUM,191.19787,verify,lm,,,,
ionosphere,2352,0.1,2.0,1,3577.0,174.0,OPTIMUM,8.88009,verify,lm,,,,
iris,2352,0.1,2.0,1,854.0,31.0,OPTIMUM,0.07594,verify,lm,,,,
lsun,2352,0.1,2.0,1,923.0,11.0,OPTIMUM,0.12877,verify,lm,,,,
seeds,2352,0.1,2.0,1,1058.0,21.0,OPTIMUM,0.25471,verify,lm,,,,
spam,2352,0.1,2.0,1,2430.0,4.0,OPTIMUM,48.74982,verify,lm,,,,
target,2352,0.1,2.0,1,650.0,18.0,OPTIMUM,2.81345,verify,lm,,,,
wine,2352,0.1,2.0,1,1275.0,71.0,OPTIMUM,0.50577,verify,lm,,,,
wingnut,2352,0.1,2.0,1,1094.0,67.0,OPTIMUM,0.25289,verify,lm,,,,
chainlink,2352,0.1,0.1,1,986.0,8.0,OPTIMUM,3.30214,verify,lm,,,,
glass,2352,0.1,0.1,1,993.0,70.0,OPTIMUM,4.15069,verify,lm,,,,
ionosphere,2352,0.1,0.1,1,3554.0,27.0,OPTIMUM,14.06909,verify,lm,,,,
iris,2352,0.1,0.1,1,755.0,10.0,OPTIMUM,0.13064,verify,lm,,,,
libras,2352,0.1,0.1,1,2862.0,2.0,OPTIMUM,81.26605,verify,lm,,,,
lsun,2352,0.1,0.1,1,829.0,2.0,OPTIMUM,1.75291,verify,lm,,,,
seeds,2352,0.1,0.1,1,896.0,20.0,OPTIMUM,0.1919,verify,lm,,,,
spam,2352,0.1,0.1,1,2429.0,1.0,OPTIMUM,344.7154,verify,lm,,,,
target,2352,0.1,0.1,1,644.0,2.0,OPTIMUM,7.64414,verify,lm,,,,
wine,2352,0.1,0.1,1,1178.0,1.0,OPTIMUM,0.17554,verify,lm,,,,
wingnut,2352,0.1,0.1,1,1094.0,67.0,OPTIMUM,0.47879,verify,lm,,,,
chainlink,2352,0.1,0.25,1,989.0,17.0,OPTIMUM,1.6568,verify,lm,,,,
glass,2352,0.1,0.25,1,1122.0,22.0,OPTIMUM,9.01855,verify,lm,,,,
iris,2352,0.1,0.25,1,755.0,9.0,OPTIMUM,0.0957,verify,lm,,,,
libras,2352,0.1,0.25,1,2862.0,6.0,OPTIMUM,84.74628,verify,lm,,,,
lsun,2352,0.1,0.25,1,880.0,2.0,OPTIMUM,0.54676,verify,lm,,,,
seeds,2352,0.1,0.25,1,982.0,18.0,OPTIMUM,0.23454,verify,lm,,,,
spam,2352,0.1,0.25,1,2429.0,2.0,OPTIMUM,262.82117,verify,lm,,,,
target,2352,0.1,0.25,1,646.0,1.0,OPTIMUM,13.62339,verify,lm,,,,
wine,2352,0.1,0.25,1,1178.0,7.0,OPTIMUM,0.39759,verify,lm,,,,
wingnut,2352,0.1,0.25,1,1094.0,67.0,OPTIMUM,0.45663,verify,lm,,,,
chainlink,2352,0.1,0.5,1,989.0,9.0,OPTIMUM,0.73396,verify,lm,,,,
ionosphere,2352,0.1,0.5,1,3577.0,9.0,OPTIMUM,240.58966,verify,lm,,,,
iris,2352,0.1,0.5,1,755.0,29.0,OPTIMUM,0.12252,verify,lm,,,,
libras,2352,0.1,0.5,1,3342.0,18.0,OPTIMUM,123.79579,verify,lm,,,,
lsun,2352,0.1,0.5,1,923.0,34.0,OPTIMUM,1.12924,verify,lm,,,,
seeds,2352,0.1,0.5,1,991.0,21.0,OPTIMUM,0.52129,verify,lm,,,,
spam,2352,0.1,0.5,1,2432.0,5.0,OPTIMUM,320.17418,verify,lm,,,,
target,2352,0.1,0.5,1,649.0,3.0,OPTIMUM,13.91939,verify,lm,,,,
wine,2352,0.1,0.5,1,1178.0,7.0,OPTIMUM,1.02238,verify,lm,,,,
wingnut,2352,0.1,0.5,1,1094.0,67.0,OPTIMUM,0.29331,verify,lm,,,,
glass,2352,0.1,0.5,1,1167.0,1.0,OPTIMUM,1533.17772,verify,lm,,,,
glass,2352,0.1,0.7,1,1299.0,3.0,OPTIMUM,4689.07186,verify,lm,,,,
glass,2352,0.1,1.0,1,1474.0,1.0,OPTIMUM,5864.00052,verify,lm,,,,
libras,2352,0.1,1.0,1,3342.0,4.0,OPTIMUM,1297.66228,verify,lm,,,,
libras,2352,0.1,1.5,1,3342.0,3.0,OPTIMUM,8559.15391,verify,lm,,,,
chainlink,3556,0.1,0.7,1,989.0,11.0,OPTIMUM,0.40189,verify,lm,,,,
ionosphere,3556,0.1,0.7,1,3577.0,99.0,OPTIMUM,21.88204,verify,lm,,,,
iris,3556,0.1,0.7,1,755.0,23.0,OPTIMUM,0.15109,verify,lm,,,,
lsun,3556,0.1,0.7,1,917.0,4.0,OPTIMUM,0.26114,verify,lm,,,,
seeds,3556,0.1,0.7,1,1083.0,12.0,OPTIMUM,0.7623,verify,lm,,,,
spam,3556,0.1,0.7,1,2432.0,17.0,OPTIMUM,166.17762,verify,lm,,,,
target,3556,0.1,0.7,1,648.0,4.0,OPTIMUM,11.20435,verify,lm,,,,
wine,3556,0.1,0.7,1,1179.0,4.0,OPTIMUM,1.13522,verify,lm,,,,
wingnut,3556,0.1,0.7,1,1094.0,67.0,OPTIMUM,0.22646,verify,lm,,,,
chainlink,3556,0.1,1.0,1,989.0,3.0,OPTIMUM,0.24517,verify,lm,,,,
ionosphere,3556,0.1,1.0,1,3577.0,99.0,OPTIMUM,11.78107,verify,lm,,,,
iris,3556,0.1,1.0,1,854.0,23.0,OPTIMUM,0.13799,verify,lm,,,,
lsun,3556,0.1,1.0,1,923.0,7.0,OPTIMUM,0.66874,verify,lm,,,,
seeds,3556,0.1,1.0,1,1058.0,18.0,OPTIMUM,0.46671,verify,lm,,,,
spam,3556,0.1,1.0,1,2432.0,0.0,OPTIMUM,122.02177,verify,lm,,,,
target,3556,0.1,1.0,1,649.0,3.0,OPTIMUM,9.01191,verify,lm,,,,
wine,3556,0.1,1.0,1,1275.0,32.0,OPTIMUM,3.68942,verify,lm,,,,
wingnut,3556,0.1,1.0,1,1094.0,67.0,OPTIMUM,0.15704,verify,lm,,,,
chainlink,3556,0.1,1.5,1,989.0,11.0,OPTIMUM,0.2021,verify,lm,,,,
glass,3556,0.1,1.5,1,1481.0,3.0,OPTIMUM,223.68863,verify,lm,,,,
ionosphere,3556,0.1,1.5,1,3577.0,83.0,OPTIMUM,9.15348,verify,lm,,,,
iris,3556,0.1,1.5,1,854.0,23.0,OPTIMUM,0.09501,verify,lm,,,,
lsun,3556,0.1,1.5,1,923.0,8.0,OPTIMUM,0.12425,verify,lm,,,,
seeds,3556,0.1,1.5,1,1058.0,20.0,OPTIMUM,0.23921,verify,lm,,,,
spam,3556,0.1,1.5,1,2432.0,0.0,OPTIMUM,99.07233,verify,lm,,,,
target,3556,0.1,1.5,1,649.0,13.0,OPTIMUM,2.74562,verify,lm,,,,
wine,3556,0.1,1.5,1,1275.0,4.0,OPTIMUM,0.97023,verify,lm,,,,
wingnut,3556,0.1,1.5,1,1094.0,67.0,OPTIMUM,0.14997,verify,lm,,,,
chainlink,3556,0.1,1.75,1,989.0,11.0,OPTIMUM,0.20083,verify,lm,,,,
glass,3556,0.1,1.75,1,1479.0,3.0,OPTIMUM,41.25488,verify,lm,,,,
ionosphere,3556,0.1,1.75,1,3575.0,28.0,OPTIMUM,2.69751,verify,lm,,,,
iris,3556,0.1,1.75,1,854.0,23.0,OPTIMUM,0.09766,verify,lm,,,,
lsun,3556,0.1,1.75,1,923.0,8.0,OPTIMUM,0.13054,verify,lm,,,,
seeds,3556,0.1,1.75,1,1058.0,20.0,OPTIMUM,0.21108,verify,lm,,,,
spam,3556,0.1,1.75,1,2432.0,8.0,OPTIMUM,53.73982,verify,lm,,,,
target,3556,0.1,1.75,1,649.0,5.0,OPTIMUM,2.77525,verify,lm,,,,
wine,3556,0.1,1.75,1,1275.0,71.0,OPTIMUM,0.34927,verify,lm,,,,
wingnut,3556,0.1,1.75,1,1094.0,67.0,OPTIMUM,0.14808,verify,lm,,,,
chainlink,3556,0.1,2.0,1,989.0,4.0,OPTIMUM,0.18327,verify,lm,,,,
glass,3556,0.1,2.0,1,1474.0,11.0,OPTIMUM,25.74318,verify,lm,,,,
ionosphere,3556,0.1,2.0,1,3577.0,99.0,OPTIMUM,3.90468,verify,lm,,,,
iris,3556,0.1,2.0,1,854.0,23.0,OPTIMUM,0.10568,verify,lm,,,,
lsun,3556,0.1,2.0,1,923.0,11.0,OPTIMUM,0.12099,verify,lm,,,,
seeds,3556,0.1,2.0,1,1058.0,20.0,OPTIMUM,0.18159,verify,lm,,,,
spam,3556,0.1,2.0,1,2429.0,3.0,OPTIMUM,74.77114,verify,lm,,,,
target,3556,0.1,2.0,1,649.0,13.0,OPTIMUM,10.32248,verify,lm,,,,
wine,3556,0.1,2.0,1,1275.0,3.0,OPTIMUM,0.3879,verify,lm,,,,
wingnut,3556,0.1,2.0,1,1094.0,67.0,OPTIMUM,0.15587,verify,lm,,,,
chainlink,3556,0.1,0.1,1,989.0,3.0,OPTIMUM,2.30124,verify,lm,,,,
glass,3556,0.1,0.1,1,1069.0,9.0,OPTIMUM,2.95749,verify,lm,,,,
ionosphere,3556,0.1,0.1,1,3554.0,29.0,OPTIMUM,1.03892,verify,lm,,,,
iris,3556,0.1,0.1,1,755.0,2.0,OPTIMUM,0.36767,verify,lm,,,,
lsun,3556,0.1,0.1,1,854.0,4.0,OPTIMUM,0.37221,verify,lm,,,,
seeds,3556,0.1,0.1,1,896.0,20.0,OPTIMUM,0.35112,verify,lm,,,,
spam,3556,0.1,0.1,1,2408.0,5.0,OPTIMUM,302.97981,verify,lm,,,,
target,3556,0.1,0.1,1,624.0,5.0,OPTIMUM,15.4454,verify,lm,,,,
wine,3556,0.1,0.1,1,1178.0,0.0,OPTIMUM,0.51521,verify,lm,,,,
wingnut,3556,0.1,0.1,1,1094.0,11.0,OPTIMUM,0.62335,verify,lm,,,,
chainlink,3556,0.1,0.25,1,989.0,3.0,OPTIMUM,0.90099,verify,lm,,,,
glass,3556,0.1,0.25,1,1070.0,5.0,OPTIMUM,22.7846,verify,lm,,,,
ionosphere,3556,0.1,0.25,1,3565.0,28.0,OPTIMUM,360.26253,verify,lm,,,,
iris,3556,0.1,0.25,1,755.0,2.0,OPTIMUM,0.11295,verify,lm,,,,
lsun,3556,0.1,0.25,1,854.0,4.0,OPTIMUM,1.284,verify,lm,,,,
seeds,3556,0.1,0.25,1,971.0,21.0,OPTIMUM,0.47081,verify,lm,,,,
spam,3556,0.1,0.25,1,2432.0,2.0,OPTIMUM,335.92173,verify,lm,,,,
target,3556,0.1,0.25,1,643.0,0.0,OPTIMUM,6.53664,verify,lm,,,,
wine,3556,0.1,0.25,1,1178.0,4.0,OPTIMUM,0.5704,verify,lm,,,,
wingnut,3556,0.1,0.25,1,1094.0,67.0,OPTIMUM,0.20701,verify,lm,,,,
chainlink,3556,0.1,0.5,1,989.0,4.0,OPTIMUM,0.94295,verify,lm,,,,
ionosphere,3556,0.1,0.5,1,3573.0,99.0,OPTIMUM,93.65831,verify,lm,,,,
iris,3556,0.1,0.5,1,755.0,23.0,OPTIMUM,0.08505,verify,lm,,,,
lsun,3556,0.1,0.5,1,917.0,4.0,OPTIMUM,0.81088,verify,lm,,,,
seeds,3556,0.1,0.5,1,1013.0,18.0,OPTIMUM,0.87032,verify,lm,,,,
spam,3556,0.1,0.5,1,2432.0,9.0,OPTIMUM,170.96524,verify,lm,,,,
target,3556,0.1,0.5,1,646.0,1.0,OPTIMUM,4.93351,verify,lm,,,,
wine,3556,0.1,0.5,1,1178.0,1.0,OPTIMUM,0.565,verify,lm,,,,
wingnut,3556,0.1,0.5,1,1094.0,3.0,OPTIMUM,0.20823,verify,lm,,,,
glass,3556,0.1,0.5,1,1157.0,4.0,OPTIMUM,1234.53966,verify,lm,,,,
glass,3556,0.1,0.7,1,1338.0,10.0,OPTIMUM,3380.50128,verify,lm,,,,
glass,3556,0.1,1.0,1,1479.0,10.0,OPTIMUM,1258.96863,verify,lm,,,,
libras,3556,0.1,0.7,1,3463.0,2.0,OPTIMUM,1007.85422,verify,lm,,,,
libras,3556,0.1,1.0,1,3543.0,5.0,OPTIMUM,6817.73098,verify,lm,,,,
chainlink,1732,0.1,0.0,1,928.0,4.0,OPTIMUM,2.43935,verify,lm,,,,
glass,1732,0.1,0.0,1,969.0,76.0,OPTIMUM,7.31717,verify,lm,,,,
ionosphere,1732,0.1,0.0,1,3554.0,81.0,OPTIMUM,10.17327,verify,lm,,,,
iris,1732,0.1,0.0,1,726.0,7.0,OPTIMUM,0.54237,verify,lm,,,,
lsun,1732,0.1,0.0,1,619.0,21.0,OPTIMUM,3.05478,verify,lm,,,,
seeds,1732,0.1,0.0,1,896.0,20.0,OPTIMUM,1.42296,verify,lm,,,,
spam,1732,0.1,0.0,1,2316.0,250.0,OPTIMUM,46.65875,verify,lm,,,,
target,1732,0.1,0.0,1,488.0,2.0,OPTIMUM,7.15034,verify,lm,,,,
wine,1732,0.1,0.0,1,1178.0,0.0,OPTIMUM,0.75057,verify,lm,,,,
wingnut,1732,0.1,0.0,1,1094.0,1.0,OPTIMUM,2.77798,verify,lm,,,,
chainlink,2352,0.1,0.0,1,928.0,4.0,OPTIMUM,2.43935,verify,lm,,,,
glass,2352,0.1,0.0,1,969.0,76.0,OPTIMUM,7.31717,verify,lm,,,,
ionosphere,2352,0.1,0.0,1,3554.0,81.0,OPTIMUM,10.17327,verify,lm,,,,
iris,2352,0.1,0.0,1,726.0,7.0,OPTIMUM,0.54237,verify,lm,,,,
lsun,2352,0.1,0.0,1,619.0,21.0,OPTIMUM,3.05478,verify,lm,,,,
seeds,2352,0.1,0.0,1,896.0,20.0,OPTIMUM,1.42296,verify,lm,,,,
spam,2352,0.1,0.0,1,2316.0,250.0,OPTIMUM,46.65875,verify,lm,,,,
target,2352,0.1,0.0,1,488.0,2.0,OPTIMUM,7.15034,verify,lm,,,,
wine,2352,0.1,0.0,1,1178.0,0.0,OPTIMUM,0.75057,verify,lm,,,,
wingnut,2352,0.1,0.0,1,1094.0,1.0,OPTIMUM,2.77798,verify,lm,,,,
chainlink,3556,0.1,0.0,1,928.0,4.0,OPTIMUM,2.43935,verify,lm,,,,
glass,3556,0.1,0.0,1,969.0,76.0,OPTIMUM,7.31717,verify,lm,,,,
ionosphere,3556,0.1,0.0,1,3554.0,81.0,OPTIMUM,10.17327,verify,lm,,,,
iris,3556,0.1,0.0,1,726.0,7.0,OPTIMUM,0.54237,verify,lm,,,,
lsun,3556,0.1,0.0,1,619.0,21.0,OPTIMUM,3.05478,verify,lm,,,,
seeds,3556,0.1,0.0,1,896.0,20.0,OPTIMUM,1.42296,verify,lm,,,,
spam,3556,0.1,0.0,1,2316.0,250.0,OPTIMUM,46.65875,verify,lm,,,,
target,3556,0.1,0.0,1,488.0,2.0,OPTIMUM,7.15034,verify,lm,,,,
wine,3556,0.1,0.0,1,1178.0,0.0,OPTIMUM,0.75057,verify,lm,,,,
wingnut,3556,0.1,0.0,1,1094.0,1.0,OPTIMUM,2.77798,verify,lm,,,,
chainlink,1732,0.1,0.7,1,,,,,verify,lp,990.0,11.0,OPTIMUM,0.47752
ionosphere,1732,0.1,0.7,1,,,,,verify,lp,3577.0,76.0,OPTIMUM,11.73107
iris,1732,0.1,0.7,1,,,,,verify,lp,1219.0,23.0,OPTIMUM,0.10645
libras,1732,0.1,0.7,1,,,,,verify,lp,3802.0,134.0,OPTIMUM,488.79072
lsun,1732,0.1,0.7,1,,,,,verify,lp,1112.0,104.0,OPTIMUM,0.1875
seeds,1732,0.1,0.7,1,,,,,verify,lp,1679.0,8.0,OPTIMUM,1.86263
spam,1732,0.1,0.7,1,,,,,verify,lp,2432.0,9.0,OPTIMUM,167.55655
target,1732,0.1,0.7,1,,,,,verify,lp,1000.0,164.0,OPTIMUM,3.56465
wine,1732,0.1,0.7,1,,,,,verify,lp,1275.0,71.0,OPTIMUM,0.35805
wingnut,1732,0.1,0.7,1,,,,,verify,lp,1261.0,67.0,OPTIMUM,0.20571
chainlink,1732,0.1,1.0,1,,,,,verify,lp,990.0,11.0,OPTIMUM,0.32985
ionosphere,1732,0.1,1.0,1,,,,,verify,lp,3577.0,99.0,OPTIMUM,10.39111
iris,1732,0.1,1.0,1,,,,,verify,lp,1219.0,23.0,OPTIMUM,0.12357
lsun,1732,0.1,1.0,1,,,,,verify,lp,1112.0,104.0,OPTIMUM,0.18061
seeds,1732,0.1,1.0,1,,,,,verify,lp,1679.0,8.0,OPTIMUM,1.75371
spam,1732,0.1,1.0,1,,,,,verify,lp,2432.0,0.0,OPTIMUM,61.59332
target,1732,0.1,1.0,1,,,,,verify,lp,1000.0,164.0,OPTIMUM,3.40979
wine,1732,0.1,1.0,1,,,,,verify,lp,1275.0,71.0,OPTIMUM,0.54525
wingnut,1732,0.1,1.0,1,,,,,verify,lp,1261.0,67.0,OPTIMUM,0.15497
chainlink,1732,0.1,1.5,1,,,,,verify,lp,989.0,11.0,OPTIMUM,0.35239
glass,1732,0.1,1.5,1,,,,,verify,lp,1481.0,5.0,OPTIMUM,242.19479
ionosphere,1732,0.1,1.5,1,,,,,verify,lp,3577.0,99.0,OPTIMUM,10.09237
iris,1732,0.1,1.5,1,,,,,verify,lp,1219.0,23.0,OPTIMUM,0.08358
lsun,1732,0.1,1.5,1,,,,,verify,lp,1112.0,104.0,OPTIMUM,0.23792
seeds,1732,0.1,1.5,1,,,,,verify,lp,1679.0,18.0,OPTIMUM,0.32917
spam,1732,0.1,1.5,1,,,,,verify,lp,2432.0,0.0,OPTIMUM,89.04679
target,1732,0.1,1.5,1,,,,,verify,lp,1000.0,164.0,OPTIMUM,6.68725
wine,1732,0.1,1.5,1,,,,,verify,lp,1275.0,71.0,OPTIMUM,0.53343
wingnut,1732,0.1,1.5,1,,,,,verify,lp,1261.0,67.0,OPTIMUM,0.15163
chainlink,1732,0.1,1.75,1,,,,,verify,lp,989.0,11.0,OPTIMUM,0.26573
glass,1732,0.1,1.75,1,,,,,verify,lp,1481.0,6.0,OPTIMUM,208.68537
ionosphere,1732,0.1,1.75,1,,,,,verify,lp,3577.0,99.0,OPTIMUM,3.05733
iris,1732,0.1,1.75,1,,,,,verify,lp,1219.0,23.0,OPTIMUM,0.09818
lsun,1732,0.1,1.75,1,,,,,verify,lp,1112.0,104.0,OPTIMUM,0.12769
seeds,1732,0.1,1.75,1,,,,,verify,lp,1679.0,18.0,OPTIMUM,0.17403
spam,1732,0.1,1.75,1,,,,,verify,lp,2432.0,1.0,OPTIMUM,62.60292
target,1732,0.1,1.75,1,,,,,verify,lp,1000.0,164.0,OPTIMUM,6.91128
wine,1732,0.1,1.75,1,,,,,verify,lp,1275.0,71.0,OPTIMUM,0.4911
wingnut,1732,0.1,1.75,1,,,,,verify,lp,1261.0,67.0,OPTIMUM,0.14716
chainlink,1732,0.1,2.0,1,,,,,verify,lp,989.0,11.0,OPTIMUM,0.38224
glass,1732,0.1,2.0,1,,,,,verify,lp,1481.0,2.0,OPTIMUM,271.06596
ionosphere,1732,0.1,2.0,1,,,,,verify,lp,3577.0,99.0,OPTIMUM,10.05169
iris,1732,0.1,2.0,1,,,,,verify,lp,1219.0,23.0,OPTIMUM,0.09344
lsun,1732,0.1,2.0,1,,,,,verify,lp,1112.0,104.0,OPTIMUM,0.11172
seeds,1732,0.1,2.0,1,,,,,verify,lp,1679.0,18.0,OPTIMUM,0.15816
spam,1732,0.1,2.0,1,,,,,verify,lp,2432.0,6.0,OPTIMUM,66.46035
target,1732,0.1,2.0,1,,,,,verify,lp,1000.0,164.0,OPTIMUM,2.77517
wine,1732,0.1,2.0,1,,,,,verify,lp,1275.0,71.0,OPTIMUM,0.32577
wingnut,1732,0.1,2.0,1,,,,,verify,lp,1261.0,67.0,OPTIMUM,0.15031
chainlink,1732,0.1,0.1,1,,,,,verify,lp,990.0,17.0,OPTIMUM,1.1463
glass,1732,0.1,0.1,1,,,,,verify,lp,1481.0,51.0,OPTIMUM,3.32064
ionosphere,1732,0.1,0.1,1,,,,,verify,lp,3577.0,240.0,OPTIMUM,4.0222
iris,1732,0.1,0.1,1,,,,,verify,lp,1219.0,36.0,OPTIMUM,0.20806
libras,1732,0.1,0.1,1,,,,,verify,lp,3802.0,138.0,OPTIMUM,79.86929
lsun,1732,0.1,0.1,1,,,,,verify,lp,1112.0,104.0,OPTIMUM,3.82675
seeds,1732,0.1,0.1,1,,,,,verify,lp,1679.0,67.0,OPTIMUM,0.55424
spam,1732,0.1,0.1,1,,,,,verify,lp,2432.0,6.0,OPTIMUM,312.23446
target,1732,0.1,0.1,1,,,,,verify,lp,1000.0,164.0,OPTIMUM,3.24376
wine,1732,0.1,0.1,1,,,,,verify,lp,1275.0,71.0,OPTIMUM,0.24012
wingnut,1732,0.1,0.1,1,,,,,verify,lp,1261.0,67.0,OPTIMUM,2.05009
chainlink,1732,0.1,0.25,1,,,,,verify,lp,990.0,11.0,OPTIMUM,1.54064
glass,1732,0.1,0.25,1,,,,,verify,lp,1481.0,29.0,OPTIMUM,9.8601
ionosphere,1732,0.1,0.25,1,,,,,verify,lp,3577.0,195.0,OPTIMUM,51.7803
iris,1732,0.1,0.25,1,,,,,verify,lp,1219.0,24.0,OPTIMUM,0.1587
libras,1732,0.1,0.25,1,,,,,verify,lp,3802.0,138.0,OPTIMUM,126.76694
lsun,1732,0.1,0.25,1,,,,,verify,lp,1112.0,104.0,OPTIMUM,0.49971
seeds,1732,0.1,0.25,1,,,,,verify,lp,1679.0,67.0,OPTIMUM,0.55235
spam,1732,0.1,0.25,1,,,,,verify,lp,2432.0,0.0,OPTIMUM,176.3091
target,1732,0.1,0.25,1,,,,,verify,lp,1000.0,164.0,OPTIMUM,3.41527
wine,1732,0.1,0.25,1,,,,,verify,lp,1275.0,71.0,OPTIMUM,0.3152
wingnut,1732,0.1,0.25,1,,,,,verify,lp,1261.0,67.0,OPTIMUM,0.42293
chainlink,1732,0.1,0.5,1,,,,,verify,lp,990.0,11.0,OPTIMUM,0.85115
ionosphere,1732,0.1,0.5,1,,,,,verify,lp,3577.0,99.0,OPTIMUM,30.56903
iris,1732,0.1,0.5,1,,,,,verify,lp,1219.0,23.0,OPTIMUM,0.12469
libras,1732,0.1,0.5,1,,,,,verify,lp,3802.0,134.0,OPTIMUM,219.68853
lsun,1732,0.1,0.5,1,,,,,verify,lp,1112.0,104.0,OPTIMUM,0.24503
seeds,1732,0.1,0.5,1,,,,,verify,lp,1679.0,19.0,OPTIMUM,1.95206
spam,1732,0.1,0.5,1,,,,,verify,lp,2432.0,0.0,OPTIMUM,148.13038
target,1732,0.1,0.5,1,,,,,verify,lp,1000.0,164.0,OPTIMUM,3.98538
wine,1732,0.1,0.5,1,,,,,verify,lp,1275.0,71.0,OPTIMUM,0.42425
wingnut,1732,0.1,0.5,1,,,,,verify,lp,1261.0,67.0,OPTIMUM,0.34889
glass,1732,0.1,0.5,1,,,,,verify,lp,1481.0,18.0,OPTIMUM,3417.86907
glass,1732,0.1,1.0,1,,,,,verify,lp,1481.0,7.0,OPTIMUM,2915.58139
libras,1732,0.1,1.0,1,,,,,verify,lp,3802.0,134.0,OPTIMUM,3787.74506
libras,1732,0.1,1.5,1,,,,,verify,lp,3802.0,67.0,OPTIMUM,28154.21245
chainlink,2352,0.1,0.7,1,,,,,verify,lp,990.0,11.0,OPTIMUM,0.53592
ionosphere,2352,0.1,0.7,1,,,,,verify,lp,3577.0,29.0,OPTIMUM,47.02248
iris,2352,0.1,0.7,1,,,,,verify,lp,1219.0,31.0,OPTIMUM,0.14206
libras,2352,0.1,0.7,1,,,,,verify,lp,3802.0,68.0,OPTIMUM,214.56402
lsun,2352,0.1,0.7,1,,,,,verify,lp,1112.0,104.0,OPTIMUM,0.73796
seeds,2352,0.1,0.7,1,,,,,verify,lp,1679.0,67.0,OPTIMUM,0.39189
spam,2352,0.1,0.7,1,,,,,verify,lp,2432.0,17.0,OPTIMUM,199.64461
target,2352,0.1,0.7,1,,,,,verify,lp,1000.0,164.0,OPTIMUM,11.83549
wine,2352,0.1,0.7,1,,,,,verify,lp,1275.0,71.0,OPTIMUM,0.85177
wingnut,2352,0.1,0.7,1,,,,,verify,lp,1261.0,67.0,OPTIMUM,0.29833
chainlink,2352,0.1,1.0,1,,,,,verify,lp,990.0,9.0,OPTIMUM,0.38726
ionosphere,2352,0.1,1.0,1,,,,,verify,lp,3577.0,28.0,OPTIMUM,27.50305
iris,2352,0.1,1.0,1,,,,,verify,lp,1219.0,31.0,OPTIMUM,0.27085
lsun,2352,0.1,1.0,1,,,,,verify,lp,1112.0,104.0,OPTIMUM,0.96179
seeds,2352,0.1,1.0,1,,,,,verify,lp,1679.0,20.0,OPTIMUM,0.79619
spam,2352,0.1,1.0,1,,,,,verify,lp,2432.0,0.0,OPTIMUM,128.40342
target,2352,0.1,1.0,1,,,,,verify,lp,1000.0,164.0,OPTIMUM,2.17372
wine,2352,0.1,1.0,1,,,,,verify,lp,1275.0,71.0,OPTIMUM,0.81279
wingnut,2352,0.1,1.0,1,,,,,verify,lp,1261.0,67.0,OPTIMUM,0.16258
chainlink,2352,0.1,1.5,1,,,,,verify,lp,990.0,11.0,OPTIMUM,0.31896
glass,2352,0.1,1.5,1,,,,,verify,lp,1481.0,5.0,OPTIMUM,356.92665
ionosphere,2352,0.1,1.5,1,,,,,verify,lp,3577.0,28.0,OPTIMUM,13.67423
iris,2352,0.1,1.5,1,,,,,verify,lp,1219.0,31.0,OPTIMUM,0.07895
lsun,2352,0.1,1.5,1,,,,,verify,lp,1112.0,104.0,OPTIMUM,0.11284
seeds,2352,0.1,1.5,1,,,,,verify,lp,1679.0,18.0,OPTIMUM,0.24577
spam,2352,0.1,1.5,1,,,,,verify,lp,2432.0,6.0,OPTIMUM,99.7151
target,2352,0.1,1.5,1,,,,,verify,lp,1000.0,164.0,OPTIMUM,3.40828
wine,2352,0.1,1.5,1,,,,,verify,lp,1275.0,71.0,OPTIMUM,0.43514
wingnut,2352,0.1,1.5,1,,,,,verify,lp,1261.0,67.0,OPTIMUM,0.15795
chainlink,2352,0.1,1.75,1,,,,,verify,lp,990.0,11.0,OPTIMUM,0.38038
glass,2352,0.1,1.75,1,,,,,verify,lp,1481.0,3.0,OPTIMUM,154.99871
ionosphere,2352,0.1,1.75,1,,,,,verify,lp,3577.0,99.0,OPTIMUM,9.52711
iris,2352,0.1,1.75,1,,,,,verify,lp,1219.0,31.0,OPTIMUM,0.06749
lsun,2352,0.1,1.75,1,,,,,verify,lp,1112.0,104.0,OPTIMUM,0.12689
seeds,2352,0.1,1.75,1,,,,,verify,lp,1679.0,18.0,OPTIMUM,0.2479
spam,2352,0.1,1.75,1,,,,,verify,lp,2432.0,0.0,OPTIMUM,67.74437
target,2352,0.1,1.75,1,,,,,verify,lp,1000.0,164.0,OPTIMUM,2.91042
wine,2352,0.1,1.75,1,,,,,verify,lp,1275.0,71.0,OPTIMUM,0.66963
wingnut,2352,0.1,1.75,1,,,,,verify,lp,1261.0,67.0,OPTIMUM,0.14742
chainlink,2352,0.1,2.0,1,,,,,verify,lp,990.0,11.0,OPTIMUM,0.30921
glass,2352,0.1,2.0,1,,,,,verify,lp,1481.0,9.0,OPTIMUM,62.14097
ionosphere,2352,0.1,2.0,1,,,,,verify,lp,3577.0,174.0,OPTIMUM,2.88924
iris,2352,0.1,2.0,1,,,,,verify,lp,1219.0,31.0,OPTIMUM,0.08357
lsun,2352,0.1,2.0,1,,,,,verify,lp,1112.0,104.0,OPTIMUM,0.11642
seeds,2352,0.1,2.0,1,,,,,verify,lp,1679.0,21.0,OPTIMUM,0.25053
spam,2352,0.1,2.0,1,,,,,verify,lp,2432.0,4.0,OPTIMUM,45.02822
target,2352,0.1,2.0,1,,,,,verify,lp,1000.0,164.0,OPTIMUM,2.87354
wine,2352,0.1,2.0,1,,,,,verify,lp,1275.0,71.0,OPTIMUM,0.72097
wingnut,2352,0.1,2.0,1,,,,,verify,lp,1261.0,67.0,OPTIMUM,0.15168
chainlink,2352,0.1,0.1,1,,,,,verify,lp,990.0,17.0,OPTIMUM,1.42972
glass,2352,0.1,0.1,1,,,,,verify,lp,1481.0,93.0,OPTIMUM,4.42325
ionosphere,2352,0.1,0.1,1,,,,,verify,lp,3577.0,240.0,OPTIMUM,2.48384
iris,2352,0.1,0.1,1,,,,,verify,lp,1219.0,36.0,OPTIMUM,0.23203
libras,2352,0.1,0.1,1,,,,,verify,lp,3802.0,257.0,OPTIMUM,343.60919
lsun,2352,0.1,0.1,1,,,,,verify,lp,1112.0,104.0,OPTIMUM,3.95967
seeds,2352,0.1,0.1,1,,,,,verify,lp,1679.0,67.0,OPTIMUM,1.00026
spam,2352,0.1,0.1,1,,,,,verify,lp,2432.0,1.0,OPTIMUM,309.82591
target,2352,0.1,0.1,1,,,,,verify,lp,1000.0,164.0,OPTIMUM,2.75425
wine,2352,0.1,0.1,1,,,,,verify,lp,1275.0,71.0,OPTIMUM,0.21165
wingnut,2352,0.1,0.1,1,,,,,verify,lp,1261.0,67.0,OPTIMUM,6.39769
chainlink,2352,0.1,0.25,1,,,,,verify,lp,990.0,17.0,OPTIMUM,1.51157
glass,2352,0.1,0.25,1,,,,,verify,lp,1481.0,41.0,OPTIMUM,6.07736
iris,2352,0.1,0.25,1,,,,,verify,lp,1219.0,36.0,OPTIMUM,0.13812
libras,2352,0.1,0.25,1,,,,,verify,lp,3802.0,221.0,OPTIMUM,278.10486
lsun,2352,0.1,0.25,1,,,,,verify,lp,1112.0,104.0,OPTIMUM,3.06899
seeds,2352,0.1,0.25,1,,,,,verify,lp,1679.0,67.0,OPTIMUM,0.62108
spam,2352,0.1,0.25,1,,,,,verify,lp,2432.0,2.0,OPTIMUM,254.5377
target,2352,0.1,0.25,1,,,,,verify,lp,1000.0,164.0,OPTIMUM,2.91086
wine,2352,0.1,0.25,1,,,,,verify,lp,1275.0,71.0,OPTIMUM,0.33931
wingnut,2352,0.1,0.25,1,,,,,verify,lp,1261.0,67.0,OPTIMUM,1.6504
chainlink,2352,0.1,0.5,1,,,,,verify,lp,990.0,9.0,OPTIMUM,1.07797
ionosphere,2352,0.1,0.5,1,,,,,verify,lp,3577.0,9.0,OPTIMUM,157.84739
iris,2352,0.1,0.5,1,,,,,verify,lp,1219.0,31.0,OPTIMUM,0.14632
libras,2352,0.1,0.5,1,,,,,verify,lp,3802.0,68.0,OPTIMUM,111.48634
lsun,2352,0.1,0.5,1,,,,,verify,lp,1112.0,104.0,OPTIMUM,1.03215
seeds,2352,0.1,0.5,1,,,,,verify,lp,1679.0,67.0,OPTIMUM,0.52139
spam,2352,0.1,0.5,1,,,,,verify,lp,2432.0,5.0,OPTIMUM,281.30795
target,2352,0.1,0.5,1,,,,,verify,lp,1000.0,164.0,OPTIMUM,2.68008
wine,2352,0.1,0.5,1,,,,,verify,lp,1275.0,71.0,OPTIMUM,0.69286
wingnut,2352,0.1,0.5,1,,,,,verify,lp,1261.0,67.0,OPTIMUM,1.35731
glass,2352,0.1,0.5,1,,,,,verify,lp,1481.0,13.0,OPTIMUM,49.77543
glass,2352,0.1,0.7,1,,,,,verify,lp,1481.0,12.0,OPTIMUM,4299.43763
glass,2352,0.1,1.0,1,,,,,verify,lp,1481.0,1.0,OPTIMUM,7063.55147
libras,2352,0.1,1.0,1,,,,,verify,lp,3802.0,68.0,OPTIMUM,958.52559
chainlink,3556,0.1,0.7,1,,,,,verify,lp,990.0,11.0,OPTIMUM,0.44651
ionosphere,3556,0.1,0.7,1,,,,,verify,lp,3577.0,99.0,OPTIMUM,10.53958
iris,3556,0.1,0.7,1,,,,,verify,lp,1219.0,23.0,OPTIMUM,0.219
lsun,3556,0.1,0.7,1,,,,,verify,lp,1112.0,104.0,OPTIMUM,0.94697
seeds,3556,0.1,0.7,1,,,,,verify,lp,1679.0,20.0,OPTIMUM,1.22349
spam,3556,0.1,0.7,1,,,,,verify,lp,2432.0,17.0,OPTIMUM,243.77866
target,3556,0.1,0.7,1,,,,,verify,lp,1000.0,164.0,OPTIMUM,11.22901
wine,3556,0.1,0.7,1,,,,,verify,lp,1275.0,71.0,OPTIMUM,0.44399
wingnut,3556,0.1,0.7,1,,,,,verify,lp,1261.0,67.0,OPTIMUM,0.4514
chainlink,3556,0.1,1.0,1,,,,,verify,lp,990.0,3.0,OPTIMUM,0.37923
ionosphere,3556,0.1,1.0,1,,,,,verify,lp,3577.0,99.0,OPTIMUM,4.21039
iris,3556,0.1,1.0,1,,,,,verify,lp,1219.0,23.0,OPTIMUM,0.14833
lsun,3556,0.1,1.0,1,,,,,verify,lp,1112.0,104.0,OPTIMUM,0.89695
seeds,3556,0.1,1.0,1,,,,,verify,lp,1679.0,18.0,OPTIMUM,0.73611
spam,3556,0.1,1.0,1,,,,,verify,lp,2432.0,0.0,OPTIMUM,123.93812
target,3556,0.1,1.0,1,,,,,verify,lp,1000.0,164.0,OPTIMUM,3.29696
wine,3556,0.1,1.0,1,,,,,verify,lp,1275.0,71.0,OPTIMUM,0.5439
wingnut,3556,0.1,1.0,1,,,,,verify,lp,1261.0,67.0,OPTIMUM,0.15298
chainlink,3556,0.1,1.5,1,,,,,verify,lp,989.0,11.0,OPTIMUM,0.30712
glass,3556,0.1,1.5,1,,,,,verify,lp,1481.0,3.0,OPTIMUM,172.70822
ionosphere,3556,0.1,1.5,1,,,,,verify,lp,3577.0,83.0,OPTIMUM,3.48708
iris,3556,0.1,1.5,1,,,,,verify,lp,1219.0,23.0,OPTIMUM,0.082
lsun,3556,0.1,1.5,1,,,,,verify,lp,1112.0,104.0,OPTIMUM,0.11942
seeds,3556,0.1,1.5,1,,,,,verify,lp,1679.0,20.0,OPTIMUM,0.23971
spam,3556,0.1,1.5,1,,,,,verify,lp,2432.0,0.0,OPTIMUM,153.46624
target,3556,0.1,1.5,1,,,,,verify,lp,1000.0,164.0,OPTIMUM,6.98135
wine,3556,0.1,1.5,1,,,,,verify,lp,1275.0,71.0,OPTIMUM,0.52896
wingnut,3556,0.1,1.5,1,,,,,verify,lp,1261.0,67.0,OPTIMUM,0.147
chainlink,3556,0.1,1.75,1,,,,,verify,lp,989.0,11.0,OPTIMUM,0.29267
glass,3556,0.1,1.75,1,,,,,verify,lp,1481.0,3.0,OPTIMUM,63.06772
ionosphere,3556,0.1,1.75,1,,,,,verify,lp,3577.0,28.0,OPTIMUM,5.22135
iris,3556,0.1,1.75,1,,,,,verify,lp,1219.0,23.0,OPTIMUM,0.09444
lsun,3556,0.1,1.75,1,,,,,verify,lp,1112.0,104.0,OPTIMUM,0.11729
seeds,3556,0.1,1.75,1,,,,,verify,lp,1679.0,20.0,OPTIMUM,0.20099
spam,3556,0.1,1.75,1,,,,,verify,lp,2432.0,8.0,OPTIMUM,59.72428
target,3556,0.1,1.75,1,,,,,verify,lp,1000.0,164.0,OPTIMUM,2.98883
wine,3556,0.1,1.75,1,,,,,verify,lp,1275.0,71.0,OPTIMUM,0.27476
wingnut,3556,0.1,1.75,1,,,,,verify,lp,1261.0,67.0,OPTIMUM,0.14515
chainlink,3556,0.1,2.0,1,,,,,verify,lp,989.0,11.0,OPTIMUM,0.31411
glass,3556,0.1,2.0,1,,,,,verify,lp,1481.0,11.0,OPTIMUM,28.73275
ionosphere,3556,0.1,2.0,1,,,,,verify,lp,3577.0,99.0,OPTIMUM,3.15386
iris,3556,0.1,2.0,1,,,,,verify,lp,1219.0,23.0,OPTIMUM,0.07112
lsun,3556,0.1,2.0,1,,,,,verify,lp,1112.0,104.0,OPTIMUM,0.1205
seeds,3556,0.1,2.0,1,,,,,verify,lp,1679.0,20.0,OPTIMUM,0.17739
spam,3556,0.1,2.0,1,,,,,verify,lp,2430.0,3.0,OPTIMUM,95.90437
target,3556,0.1,2.0,1,,,,,verify,lp,1000.0,164.0,OPTIMUM,6.61221
wine,3556,0.1,2.0,1,,,,,verify,lp,1275.0,71.0,OPTIMUM,0.25425
wingnut,3556,0.1,2.0,1,,,,,verify,lp,1261.0,67.0,OPTIMUM,0.15001
chainlink,3556,0.1,0.1,1,,,,,verify,lp,990.0,4.0,OPTIMUM,4.34074
glass,3556,0.1,0.1,1,,,,,verify,lp,1481.0,30.0,OPTIMUM,4.20475
ionosphere,3556,0.1,0.1,1,,,,,verify,lp,3577.0,502.0,OPTIMUM,6.52695
iris,3556,0.1,0.1,1,,,,,verify,lp,1219.0,33.0,OPTIMUM,0.33309
lsun,3556,0.1,0.1,1,,,,,verify,lp,1112.0,104.0,OPTIMUM,2.77265
seeds,3556,0.1,0.1,1,,,,,verify,lp,1679.0,67.0,OPTIMUM,1.88879
spam,3556,0.1,0.1,1,,,,,verify,lp,2432.0,5.0,OPTIMUM,668.7314
target,3556,0.1,0.1,1,,,,,verify,lp,1000.0,164.0,OPTIMUM,12.99855
wine,3556,0.1,0.1,1,,,,,verify,lp,1275.0,71.0,OPTIMUM,0.47896
wingnut,3556,0.1,0.1,1,,,,,verify,lp,1261.0,67.0,OPTIMUM,2.02432
chainlink,3556,0.1,0.25,1,,,,,verify,lp,990.0,4.0,OPTIMUM,1.57569
glass,3556,0.1,0.25,1,,,,,verify,lp,1481.0,30.0,OPTIMUM,4.46821
ionosphere,3556,0.1,0.25,1,,,,,verify,lp,3577.0,131.0,OPTIMUM,166.11603
iris,3556,0.1,0.25,1,,,,,verify,lp,1219.0,28.0,OPTIMUM,0.26883
lsun,3556,0.1,0.25,1,,,,,verify,lp,1112.0,104.0,OPTIMUM,1.63963
seeds,3556,0.1,0.25,1,,,,,verify,lp,1679.0,60.0,OPTIMUM,0.81442
spam,3556,0.1,0.25,1,,,,,verify,lp,2432.0,6.0,OPTIMUM,250.28548
target,3556,0.1,0.25,1,,,,,verify,lp,1000.0,164.0,OPTIMUM,3.57955
wine,3556,0.1,0.25,1,,,,,verify,lp,1275.0,71.0,OPTIMUM,0.47124
wingnut,3556,0.1,0.25,1,,,,,verify,lp,1261.0,67.0,OPTIMUM,0.42172
chainlink,3556,0.1,0.5,1,,,,,verify,lp,990.0,4.0,OPTIMUM,0.6963
ionosphere,3556,0.1,0.5,1,,,,,verify,lp,3577.0,99.0,OPTIMUM,95.40623
iris,3556,0.1,0.5,1,,,,,verify,lp,1219.0,23.0,OPTIMUM,0.13363
lsun,3556,0.1,0.5,1,,,,,verify,lp,1112.0,104.0,OPTIMUM,0.92108
seeds,3556,0.1,0.5,1,,,,,verify,lp,1679.0,21.0,OPTIMUM,2.2391
spam,3556,0.1,0.5,1,,,,,verify,lp,2432.0,11.0,OPTIMUM,181.94887
target,3556,0.1,0.5,1,,,,,verify,lp,1000.0,164.0,OPTIMUM,3.05445
wine,3556,0.1,0.5,1,,,,,verify,lp,1275.0,71.0,OPTIMUM,0.46061
wingnut,3556,0.1,0.5,1,,,,,verify,lp,1261.0,67.0,OPTIMUM,0.37019
glass,3556,0.1,0.5,1,,,,,verify,lp,1481.0,21.0,OPTIMUM,380.02476
glass,3556,0.1,0.7,1,,,,,verify,lp,1481.0,14.0,OPTIMUM,4027.82539
glass,3556,0.1,1.0,1,,,,,verify,lp,1481.0,10.0,OPTIMUM,506.63632
libras,3556,0.1,0.1,1,,,,,verify,lp,3802.0,280.0,OPTIMUM,191.09967
libras,3556,0.1,0.5,1,,,,,verify,lp,3802.0,138.0,OPTIMUM,261.92154
libras,3556,0.1,0.7,1,,,,,verify,lp,3802.0,138.0,OPTIMUM,2191.03262
libras,3556,0.1,0.25,1,,,,,verify,lp,3802.0,187.0,OPTIMUM,168.55896
libras,3556,0.1,1.0,1,,,,,verify,lp,3802.0,107.0,OPTIMUM,8922.96253
chainlink,1732,0.1,0.0,1,,,,,verify,lp,990.0,39.0,OPTIMUM,25.71669
glass,1732,0.1,0.0,1,,,,,verify,lp,1481.0,534.0,OPTIMUM,5.9238
ionosphere,1732,0.1,0.0,1,,,,,verify,lp,3577.0,2370.0,OPTIMUM,2.04882
iris,1732,0.1,0.0,1,,,,,verify,lp,1219.0,153.0,OPTIMUM,1.12629
libras,1732,0.1,0.0,1,,,,,verify,lp,3802.0,635.0,OPTIMUM,113.37143
lsun,1732,0.1,0.0,1,,,,,verify,lp,1112.0,104.0,OPTIMUM,13.24901
seeds,1732,0.1,0.0,1,,,,,verify,lp,1679.0,208.0,OPTIMUM,3.87927
spam,1732,0.1,0.0,1,,,,,verify,lp,2432.0,1355.0,OPTIMUM,83.57792
target,1732,0.1,0.0,1,,,,,verify,lp,1000.0,164.0,OPTIMUM,17.75479
wine,1732,0.1,0.0,1,,,,,verify,lp,1275.0,387.0,OPTIMUM,0.71634
wingnut,1732,0.1,0.0,1,,,,,verify,lp,1261.0,67.0,OPTIMUM,25.97743
chainlink,2352,0.1,0.0,1,,,,,verify,lp,990.0,39.0,OPTIMUM,25.71669
glass,2352,0.1,0.0,1,,,,,verify,lp,1481.0,534.0,OPTIMUM,5.9238
ionosphere,2352,0.1,0.0,1,,,,,verify,lp,3577.0,2370.0,OPTIMUM,2.04882
iris,2352,0.1,0.0,1,,,,,verify,lp,1219.0,153.0,OPTIMUM,1.12629
libras,2352,0.1,0.0,1,,,,,verify,lp,3802.0,635.0,OPTIMUM,113.37143
lsun,2352,0.1,0.0,1,,,,,verify,lp,1112.0,104.0,OPTIMUM,13.24901
seeds,2352,0.1,0.0,1,,,,,verify,lp,1679.0,208.0,OPTIMUM,3.87927
spam,2352,0.1,0.0,1,,,,,verify,lp,2432.0,1355.0,OPTIMUM,83.57792
target,2352,0.1,0.0,1,,,,,verify,lp,1000.0,164.0,OPTIMUM,17.75479
wine,2352,0.1,0.0,1,,,,,verify,lp,1275.0,387.0,OPTIMUM,0.71634
wingnut,2352,0.1,0.0,1,,,,,verify,lp,1261.0,67.0,OPTIMUM,25.97743
chainlink,3556,0.1,0.0,1,,,,,verify,lp,990.0,39.0,OPTIMUM,25.71669
glass,3556,0.1,0.0,1,,,,,verify,lp,1481.0,534.0,OPTIMUM,5.9238
ionosphere,3556,0.1,0.0,1,,,,,verify,lp,3577.0,2370.0,OPTIMUM,2.04882
iris,3556,0.1,0.0,1,,,,,verify,lp,1219.0,153.0,OPTIMUM,1.12629
libras,3556,0.1,0.0,1,,,,,verify,lp,3802.0,635.0,OPTIMUM,113.37143
lsun,3556,0.1,0.0,1,,,,,verify,lp,1112.0,104.0,OPTIMUM,13.24901
seeds,3556,0.1,0.0,1,,,,,verify,lp,1679.0,208.0,OPTIMUM,3.87927
spam,3556,0.1,0.0,1,,,,,verify,lp,2432.0,1355.0,OPTIMUM,83.57792
target,3556,0.1,0.0,1,,,,,verify,lp,1000.0,164.0,OPTIMUM,17.75479
wine,3556,0.1,0.0,1,,,,,verify,lp,1275.0,387.0,OPTIMUM,0.71634
wingnut,3556,0.1,0.0,1,,,,,verify,lp,1261.0,67.0,OPTIMUM,25.97743
